Run,Seed,Condition,Landmark,Mean error (px),PCK@5 (%)
1,11,Baseline,head_fc,0.8534136957535751,100.0
1,11,Baseline,head_bl,1.3280818431466288,100.0
1,11,Baseline,head_br,1.1974625827860816,100.0
1,11,Baseline,thorax_fr,1.6425185801265005,100.0
1,11,Baseline,thorax_fl,0.8841221167813668,100.0
1,11,Baseline,thorax_bc,0.8191704772129967,100.0
1,11,Baseline,abdomen,0.7751184787481645,100.0
1,11,Baseline,leg_ml_in,0.9668759990923722,100.0
1,11,Baseline,leg_ml_c,1.673676650273086,98.812351543943
1,11,Baseline, leg_mr_in,1.3505095594622103,99.7624703087886
1,11,Baseline,leg_mr_c,1.30074696874008,99.7624703087886
1,11,Baseline,leg_fl_tip,8.014973447354867,41.56769596199525
1,11,Baseline,leg_ml_tip,5.922595344592753,56.057007125890735
1,11,Baseline,leg_bl_tip,7.511420416897897,50.5938242280285
1,11,Baseline,leg_br_tip,6.564640605791561,54.63182897862233
1,11,Baseline,leg_mr_tip,6.526110402499563,63.42042755344418
1,11,Baseline,leg_fr_tip,12.778343108656193,25.415676959619955
1,11,Mild Gaussian Blur,head_fc,2.020024982241895,94.77434679334917
1,11,Mild Gaussian Blur,head_bl,1.2950091060445996,100.0
1,11,Mild Gaussian Blur,head_br,2.3908536960054096,98.09976247030879
1,11,Mild Gaussian Blur,thorax_fr,3.041920461929204,87.64845605700712
1,11,Mild Gaussian Blur,thorax_fl,1.0506675540772432,100.0
1,11,Mild Gaussian Blur,thorax_bc,0.8867999150081604,100.0
1,11,Mild Gaussian Blur,abdomen,0.7815795398198576,100.0
1,11,Mild Gaussian Blur,leg_ml_in,1.2879650243533467,99.7624703087886
1,11,Mild Gaussian Blur,leg_ml_c,1.827964631350921,98.09976247030879
1,11,Mild Gaussian Blur, leg_mr_in,2.554308246102314,97.8622327790974
1,11,Mild Gaussian Blur,leg_mr_c,2.02813203632643,97.14964370546319
1,11,Mild Gaussian Blur,leg_fl_tip,9.721913837492284,34.441805225653205
1,11,Mild Gaussian Blur,leg_ml_tip,8.029966432877703,42.517814726840854
1,11,Mild Gaussian Blur,leg_bl_tip,10.372376971578538,13.539192399049881
1,11,Mild Gaussian Blur,leg_br_tip,8.65723684694369,41.09263657957244
1,11,Mild Gaussian Blur,leg_mr_tip,9.741795518789582,38.95486935866984
1,11,Mild Gaussian Blur,leg_fr_tip,14.432031185250967,9.026128266033254
1,11,Strong Gaussian Blur,head_fc,41.087883293415544,0.0
1,11,Strong Gaussian Blur,head_bl,4.956631643824669,57.24465558194775
1,11,Strong Gaussian Blur,head_br,13.6615309084063,8.551068883610451
1,11,Strong Gaussian Blur,thorax_fr,13.391102242577388,0.23752969121140144
1,11,Strong Gaussian Blur,thorax_fl,3.8878553948928265,74.58432304038006
1,11,Strong Gaussian Blur,thorax_bc,2.5710734491034075,87.17339667458432
1,11,Strong Gaussian Blur,abdomen,0.8404070132608276,100.0
1,11,Strong Gaussian Blur,leg_ml_in,1.503623073806089,99.7624703087886
1,11,Strong Gaussian Blur,leg_ml_c,2.039025977186694,97.62470308788599
1,11,Strong Gaussian Blur, leg_mr_in,10.483629942022326,4.513064133016627
1,11,Strong Gaussian Blur,leg_mr_c,6.194378448002722,43.23040380047506
1,11,Strong Gaussian Blur,leg_fl_tip,17.110809531679962,4.038004750593824
1,11,Strong Gaussian Blur,leg_ml_tip,10.38480352537093,21.140142517814727
1,11,Strong Gaussian Blur,leg_bl_tip,11.866449861368514,8.551068883610451
1,11,Strong Gaussian Blur,leg_br_tip,12.602501502248236,9.97624703087886
1,11,Strong Gaussian Blur,leg_mr_tip,13.307690547901064,12.114014251781473
1,11,Strong Gaussian Blur,leg_fr_tip,20.84688101631592,1.9002375296912115
1,11,Gaussian Noise,head_fc,15.81036722025304,47.980997624703086
1,11,Gaussian Noise,head_bl,2.570209373417516,97.14964370546319
1,11,Gaussian Noise,head_br,8.19027979974877,27.078384798099762
1,11,Gaussian Noise,thorax_fr,8.158400840146452,17.81472684085511
1,11,Gaussian Noise,thorax_fl,1.201346974808806,98.57482185273159
1,11,Gaussian Noise,thorax_bc,3.792238263992351,85.98574821852732
1,11,Gaussian Noise,abdomen,7.3996433636116805,76.24703087885986
1,11,Gaussian Noise,leg_ml_in,1.6229645435289801,98.33729216152018
1,11,Gaussian Noise,leg_ml_c,2.340730760717582,90.02375296912113
1,11,Gaussian Noise, leg_mr_in,8.94825162765309,30.16627078384798
1,11,Gaussian Noise,leg_mr_c,11.26614599155933,12.826603325415679
1,11,Gaussian Noise,leg_fl_tip,16.042236524921204,5.225653206650831
1,11,Gaussian Noise,leg_ml_tip,21.13175245095001,0.7125890736342043
1,11,Gaussian Noise,leg_bl_tip,42.14495605560966,1.187648456057007
1,11,Gaussian Noise,leg_br_tip,29.767074873708395,1.187648456057007
1,11,Gaussian Noise,leg_mr_tip,67.27614548024108,0.0
1,11,Gaussian Noise,leg_fr_tip,20.774620934269095,0.0
1,11,Brightness,head_fc,0.7657184757979736,100.0
1,11,Brightness,head_bl,1.2274662685861817,99.7624703087886
1,11,Brightness,head_br,1.0159420919459254,100.0
1,11,Brightness,thorax_fr,1.887278659801209,99.7624703087886
1,11,Brightness,thorax_fl,0.7799795715836823,100.0
1,11,Brightness,thorax_bc,0.8134948990495519,100.0
1,11,Brightness,abdomen,1.2927673592195086,100.0
1,11,Brightness,leg_ml_in,1.2321912001760558,100.0
1,11,Brightness,leg_ml_c,1.4695085966629147,98.57482185273159
1,11,Brightness, leg_mr_in,1.3213682025946707,99.7624703087886
1,11,Brightness,leg_mr_c,1.8350586200768497,99.2874109263658
1,11,Brightness,leg_fl_tip,5.9964260731928345,52.01900237529691
1,11,Brightness,leg_ml_tip,7.710768991259836,41.09263657957244
1,11,Brightness,leg_bl_tip,7.829900261012118,35.62945368171022
1,11,Brightness,leg_br_tip,7.576287543396205,37.76722090261283
1,11,Brightness,leg_mr_tip,18.462457235533076,39.19239904988123
1,11,Brightness,leg_fr_tip,7.369928313730904,45.605700712589076
1,11,Contrast,head_fc,0.7257319251059811,100.0
1,11,Contrast,head_bl,1.812568266292627,100.0
1,11,Contrast,head_br,0.9860119916254,100.0
1,11,Contrast,thorax_fr,1.7912977137373831,100.0
1,11,Contrast,thorax_fl,0.9481642461509987,100.0
1,11,Contrast,thorax_bc,0.9837864153138299,100.0
1,11,Contrast,abdomen,0.7406352550760372,100.0
1,11,Contrast,leg_ml_in,0.9997731175590927,100.0
1,11,Contrast,leg_ml_c,1.3434373471949,98.812351543943
1,11,Contrast, leg_mr_in,2.3563392075809473,98.33729216152018
1,11,Contrast,leg_mr_c,1.2173858254935346,99.2874109263658
1,11,Contrast,leg_fl_tip,5.719780734013121,67.2209026128266
1,11,Contrast,leg_ml_tip,5.967912111318058,48.45605700712589
1,11,Contrast,leg_bl_tip,8.002538088477461,53.919239904988125
1,11,Contrast,leg_br_tip,5.936849706638425,59.857482185273156
1,11,Contrast,leg_mr_tip,10.69515696997168,66.0332541567696
1,11,Contrast,leg_fr_tip,9.484017686623464,40.142517814726844
1,11,Central Occlusion,head_fc,39.68087669228401,0.0
1,11,Central Occlusion,head_bl,51.10913338262279,0.0
1,11,Central Occlusion,head_br,51.72146920806606,0.0
1,11,Central Occlusion,thorax_fr,49.62051584111301,0.0
1,11,Central Occlusion,thorax_fl,49.24652866182169,0.0
1,11,Central Occlusion,thorax_bc,42.42215848029413,0.0
1,11,Central Occlusion,abdomen,16.68640004630287,0.0
1,11,Central Occlusion,leg_ml_in,42.28807232128133,0.0
1,11,Central Occlusion,leg_ml_c,35.754185573176905,0.0
1,11,Central Occlusion, leg_mr_in,48.84027831223296,0.0
1,11,Central Occlusion,leg_mr_c,54.885088394798146,0.0
1,11,Central Occlusion,leg_fl_tip,56.949096624087794,0.0
1,11,Central Occlusion,leg_ml_tip,30.727679395823447,0.0
1,11,Central Occlusion,leg_bl_tip,25.51292704786103,0.9501187648456058
1,11,Central Occlusion,leg_br_tip,28.45247874813167,0.0
1,11,Central Occlusion,leg_mr_tip,73.78049584126748,0.0
1,11,Central Occlusion,leg_fr_tip,30.803346328043503,0.0
2,22,Baseline,head_fc,6.490816279778037,49.16864608076009
2,22,Baseline,head_bl,1.2106123527183876,94.77434679334917
2,22,Baseline,head_br,2.1611609539324723,91.44893111638956
2,22,Baseline,thorax_fr,1.5524706126639012,96.19952494061758
2,22,Baseline,thorax_fl,1.4875289912121257,95.96199524940617
2,22,Baseline,thorax_bc,1.0169030966315908,100.0
2,22,Baseline,abdomen,0.8368684490849075,100.0
2,22,Baseline,leg_ml_in,1.119172150598637,100.0
2,22,Baseline,leg_ml_c,1.6336862751852703,98.09976247030879
2,22,Baseline, leg_mr_in,1.3204827268109196,99.2874109263658
2,22,Baseline,leg_mr_c,1.3408200317782764,99.7624703087886
2,22,Baseline,leg_fl_tip,15.758514196374659,6.65083135391924
2,22,Baseline,leg_ml_tip,13.039087841172588,4.98812351543943
2,22,Baseline,leg_bl_tip,12.152711064684526,12.589073634204276
2,22,Baseline,leg_br_tip,11.10448803623895,12.114014251781473
2,22,Baseline,leg_mr_tip,13.148147716996414,10.21377672209026
2,22,Baseline,leg_fr_tip,15.906400572521566,6.65083135391924
2,22,Mild Gaussian Blur,head_fc,7.9441044910276695,29.928741092636578
2,22,Mild Gaussian Blur,head_bl,2.0629583541226517,83.8479809976247
2,22,Mild Gaussian Blur,head_br,2.761272679662564,85.98574821852732
2,22,Mild Gaussian Blur,thorax_fr,1.878009320000496,95.48693586698337
2,22,Mild Gaussian Blur,thorax_fl,1.895252373277121,94.53681710213777
2,22,Mild Gaussian Blur,thorax_bc,1.3041642496236014,100.0
2,22,Mild Gaussian Blur,abdomen,0.7431876111624689,100.0
2,22,Mild Gaussian Blur,leg_ml_in,1.2044833011076381,99.7624703087886
2,22,Mild Gaussian Blur,leg_ml_c,1.9537529145506412,97.38717339667458
2,22,Mild Gaussian Blur, leg_mr_in,1.4154224464209144,99.5249406175772
2,22,Mild Gaussian Blur,leg_mr_c,1.5165771973038271,99.5249406175772
2,22,Mild Gaussian Blur,leg_fl_tip,16.669943114097517,5.7007125890736345
2,22,Mild Gaussian Blur,leg_ml_tip,13.124642914378256,5.225653206650831
2,22,Mild Gaussian Blur,leg_bl_tip,11.282951102303324,13.539192399049881
2,22,Mild Gaussian Blur,leg_br_tip,11.02230495303331,10.688836104513063
2,22,Mild Gaussian Blur,leg_mr_tip,11.890179650435293,11.63895486935867
2,22,Mild Gaussian Blur,leg_fr_tip,16.426594587488587,5.225653206650831
2,22,Strong Gaussian Blur,head_fc,20.060480910818043,0.0
2,22,Strong Gaussian Blur,head_bl,19.792713328904345,1.66270783847981
2,22,Strong Gaussian Blur,head_br,16.76031353115794,10.21377672209026
2,22,Strong Gaussian Blur,thorax_fr,15.486647594615647,19.47743467933492
2,22,Strong Gaussian Blur,thorax_fl,15.078401541413072,10.688836104513063
2,22,Strong Gaussian Blur,thorax_bc,5.606477663276431,80.52256532066508
2,22,Strong Gaussian Blur,abdomen,0.7430341657001442,100.0
2,22,Strong Gaussian Blur,leg_ml_in,16.155768040592967,86.22327790973871
2,22,Strong Gaussian Blur,leg_ml_c,14.905683756932513,81.47268408551069
2,22,Strong Gaussian Blur, leg_mr_in,4.807673099451765,83.1353919239905
2,22,Strong Gaussian Blur,leg_mr_c,6.304173090748378,62.70783847980997
2,22,Strong Gaussian Blur,leg_fl_tip,29.089373000236293,0.0
2,22,Strong Gaussian Blur,leg_ml_tip,12.090805360383987,10.688836104513063
2,22,Strong Gaussian Blur,leg_bl_tip,11.996838369964554,9.73871733966746
2,22,Strong Gaussian Blur,leg_br_tip,11.736848253674967,8.31353919239905
2,22,Strong Gaussian Blur,leg_mr_tip,12.49741252086587,9.263657957244655
2,22,Strong Gaussian Blur,leg_fr_tip,19.721649484858382,0.4750593824228029
2,22,Gaussian Noise,head_fc,85.37430927107737,3.32541567695962
2,22,Gaussian Noise,head_bl,62.54851812762296,19.71496437054632
2,22,Gaussian Noise,head_br,67.70909410861348,15.676959619952493
2,22,Gaussian Noise,thorax_fr,64.27251887683174,17.81472684085511
2,22,Gaussian Noise,thorax_fl,47.511774091315935,17.102137767220903
2,22,Gaussian Noise,thorax_bc,12.76596497815952,41.80522565320665
2,22,Gaussian Noise,abdomen,1.9675801742601613,98.812351543943
2,22,Gaussian Noise,leg_ml_in,32.78484956770547,38.242280285035626
2,22,Gaussian Noise,leg_ml_c,71.6324701151168,29.69121140142518
2,22,Gaussian Noise, leg_mr_in,18.63713155196255,35.39192399049881
2,22,Gaussian Noise,leg_mr_c,25.938550143982585,24.94061757719715
2,22,Gaussian Noise,leg_fl_tip,67.07522288182311,0.4750593824228029
2,22,Gaussian Noise,leg_ml_tip,46.09058985421258,12.351543942992874
2,22,Gaussian Noise,leg_bl_tip,24.34533834225086,3.800475059382423
2,22,Gaussian Noise,leg_br_tip,13.729454756066252,11.63895486935867
2,22,Gaussian Noise,leg_mr_tip,42.273836675829656,3.800475059382423
2,22,Gaussian Noise,leg_fr_tip,58.30686236578222,0.4750593824228029
2,22,Brightness,head_fc,2.92530473735709,85.74821852731591
2,22,Brightness,head_bl,0.7927323201685683,99.2874109263658
2,22,Brightness,head_br,1.4896970958997946,98.57482185273159
2,22,Brightness,thorax_fr,1.3038417021263022,99.7624703087886
2,22,Brightness,thorax_fl,1.2120254606322465,99.2874109263658
2,22,Brightness,thorax_bc,1.1028256940196641,100.0
2,22,Brightness,abdomen,0.8531174199217878,100.0
2,22,Brightness,leg_ml_in,1.1508082680387455,100.0
2,22,Brightness,leg_ml_c,1.9381947703798548,97.14964370546319
2,22,Brightness, leg_mr_in,1.3470620699900167,99.5249406175772
2,22,Brightness,leg_mr_c,1.6284219333816414,98.57482185273159
2,22,Brightness,leg_fl_tip,14.775213998957863,8.31353919239905
2,22,Brightness,leg_ml_tip,13.335897937378553,5.938242280285035
2,22,Brightness,leg_bl_tip,11.993607381980427,8.788598574821853
2,22,Brightness,leg_br_tip,10.950363847473305,8.31353919239905
2,22,Brightness,leg_mr_tip,13.17307538170832,12.589073634204276
2,22,Brightness,leg_fr_tip,14.083697483627517,11.401425178147269
2,22,Contrast,head_fc,5.843469518112034,53.44418052256532
2,22,Contrast,head_bl,1.0409298426654603,98.812351543943
2,22,Contrast,head_br,1.8049190169070022,95.72446555819477
2,22,Contrast,thorax_fr,1.3725290973037456,96.91211401425178
2,22,Contrast,thorax_fl,1.7069543016879931,98.33729216152018
2,22,Contrast,thorax_bc,1.238371195577934,99.7624703087886
2,22,Contrast,abdomen,1.0510709931845865,100.0
2,22,Contrast,leg_ml_in,1.4915229270229318,100.0
2,22,Contrast,leg_ml_c,1.627555473243959,97.38717339667458
2,22,Contrast, leg_mr_in,1.5020952781486976,99.04988123515439
2,22,Contrast,leg_mr_c,1.3783739103125987,98.812351543943
2,22,Contrast,leg_fl_tip,16.613913616564204,7.363420427553444
2,22,Contrast,leg_ml_tip,12.909446514911746,3.0878859857482186
2,22,Contrast,leg_bl_tip,12.275290492202256,9.263657957244655
2,22,Contrast,leg_br_tip,10.734733401217765,13.77672209026128
2,22,Contrast,leg_mr_tip,14.247346955811768,10.451306413301662
2,22,Contrast,leg_fr_tip,15.075751926728596,9.97624703087886
2,22,Central Occlusion,head_fc,119.30329587031373,0.0
2,22,Central Occlusion,head_bl,114.5699320267472,0.0
2,22,Central Occlusion,head_br,54.969087626431325,0.0
2,22,Central Occlusion,thorax_fr,52.28415147199717,0.0
2,22,Central Occlusion,thorax_fl,47.780075091869705,0.0
2,22,Central Occlusion,thorax_bc,44.79172323763516,0.0
2,22,Central Occlusion,abdomen,36.47640406413033,0.0
2,22,Central Occlusion,leg_ml_in,47.08491934471569,0.0
2,22,Central Occlusion,leg_ml_c,42.81727952335814,0.0
2,22,Central Occlusion, leg_mr_in,43.119754915244286,0.0
2,22,Central Occlusion,leg_mr_c,45.972165160270265,0.0
2,22,Central Occlusion,leg_fl_tip,66.01847964542456,0.0
2,22,Central Occlusion,leg_ml_tip,74.03881518531895,0.0
2,22,Central Occlusion,leg_bl_tip,22.87921318857254,0.0
2,22,Central Occlusion,leg_br_tip,57.10808505349449,0.0
2,22,Central Occlusion,leg_mr_tip,36.367388798578666,0.0
2,22,Central Occlusion,leg_fr_tip,51.7685647792519,0.0
3,33,Baseline,head_fc,1.0447833395831727,100.0
3,33,Baseline,head_bl,1.332312986424566,100.0
3,33,Baseline,head_br,0.9772563362090854,100.0
3,33,Baseline,thorax_fr,1.3561238218587905,100.0
3,33,Baseline,thorax_fl,0.8652140344212391,100.0
3,33,Baseline,thorax_bc,1.3024056144103278,100.0
3,33,Baseline,abdomen,0.7278744533398088,100.0
3,33,Baseline,leg_ml_in,1.0883786999567366,100.0
3,33,Baseline,leg_ml_c,1.0556185845086399,99.2874109263658
3,33,Baseline, leg_mr_in,1.1361587082947018,99.7624703087886
3,33,Baseline,leg_mr_c,1.2491230131374782,100.0
3,33,Baseline,leg_fl_tip,2.0841900505372166,94.29928741092637
3,33,Baseline,leg_ml_tip,2.214101886293382,95.48693586698337
3,33,Baseline,leg_bl_tip,4.6227436771204315,84.32304038004752
3,33,Baseline,leg_br_tip,4.043099630804857,85.03562945368171
3,33,Baseline,leg_mr_tip,2.281090042507018,96.91211401425178
3,33,Baseline,leg_fr_tip,2.0183858864989728,94.77434679334917
3,33,Mild Gaussian Blur,head_fc,1.1716854550052953,100.0
3,33,Mild Gaussian Blur,head_bl,1.2833588206333364,100.0
3,33,Mild Gaussian Blur,head_br,1.0993673313462742,100.0
3,33,Mild Gaussian Blur,thorax_fr,1.0712422080173831,100.0
3,33,Mild Gaussian Blur,thorax_fl,0.9162691646868645,100.0
3,33,Mild Gaussian Blur,thorax_bc,1.1015521596853117,100.0
3,33,Mild Gaussian Blur,abdomen,0.7525742343942331,100.0
3,33,Mild Gaussian Blur,leg_ml_in,1.4205942340983442,99.7624703087886
3,33,Mild Gaussian Blur,leg_ml_c,1.6100653980838762,99.5249406175772
3,33,Mild Gaussian Blur, leg_mr_in,1.2478152048207125,100.0
3,33,Mild Gaussian Blur,leg_mr_c,1.4502323445371423,99.7624703087886
3,33,Mild Gaussian Blur,leg_fl_tip,4.50894687852064,71.25890736342043
3,33,Mild Gaussian Blur,leg_ml_tip,8.330873399440383,49.8812351543943
3,33,Mild Gaussian Blur,leg_bl_tip,9.155350479927417,45.13064133016627
3,33,Mild Gaussian Blur,leg_br_tip,8.106706490086895,43.942992874109265
3,33,Mild Gaussian Blur,leg_mr_tip,6.561138362343396,39.66745843230404
3,33,Mild Gaussian Blur,leg_fr_tip,4.549954800911302,64.13301662707839
3,33,Strong Gaussian Blur,head_fc,1.548056702376818,100.0
3,33,Strong Gaussian Blur,head_bl,1.772650683520296,99.2874109263658
3,33,Strong Gaussian Blur,head_br,1.73961130355859,99.2874109263658
3,33,Strong Gaussian Blur,thorax_fr,1.2798799221050368,100.0
3,33,Strong Gaussian Blur,thorax_fl,1.2685214106081877,99.5249406175772
3,33,Strong Gaussian Blur,thorax_bc,1.8493000590432764,99.5249406175772
3,33,Strong Gaussian Blur,abdomen,0.8628614582216465,100.0
3,33,Strong Gaussian Blur,leg_ml_in,5.332496724769078,37.52969121140142
3,33,Strong Gaussian Blur,leg_ml_c,4.228103336199258,68.88361045130641
3,33,Strong Gaussian Blur, leg_mr_in,3.528615751200309,98.09976247030879
3,33,Strong Gaussian Blur,leg_mr_c,3.69669507623199,83.8479809976247
3,33,Strong Gaussian Blur,leg_fl_tip,10.48393353183118,15.914489311163896
3,33,Strong Gaussian Blur,leg_ml_tip,20.356602087688028,0.9501187648456058
3,33,Strong Gaussian Blur,leg_bl_tip,23.300397439988597,3.0878859857482186
3,33,Strong Gaussian Blur,leg_br_tip,16.15060045874512,4.275534441805226
3,33,Strong Gaussian Blur,leg_mr_tip,21.598447794479384,0.4750593824228029
3,33,Strong Gaussian Blur,leg_fr_tip,9.409115511407299,23.27790973871734
3,33,Gaussian Noise,head_fc,1.3238789542493956,99.7624703087886
3,33,Gaussian Noise,head_bl,1.7133335772125717,99.04988123515439
3,33,Gaussian Noise,head_br,2.0416078539197358,95.48693586698337
3,33,Gaussian Noise,thorax_fr,2.136896211912935,95.96199524940617
3,33,Gaussian Noise,thorax_fl,1.4777907527766496,99.04988123515439
3,33,Gaussian Noise,thorax_bc,3.0121170620609345,82.42280285035629
3,33,Gaussian Noise,abdomen,42.94692186090817,36.57957244655582
3,33,Gaussian Noise,leg_ml_in,1.539709572728826,98.57482185273159
3,33,Gaussian Noise,leg_ml_c,1.9631183096425724,95.72446555819477
3,33,Gaussian Noise, leg_mr_in,2.2326540025543,91.44893111638956
3,33,Gaussian Noise,leg_mr_c,2.650598729064284,92.87410926365796
3,33,Gaussian Noise,leg_fl_tip,15.212354710324652,3.5629453681710213
3,33,Gaussian Noise,leg_ml_tip,22.587050159343537,3.5629453681710213
3,33,Gaussian Noise,leg_bl_tip,35.08674152716354,1.9002375296912115
3,33,Gaussian Noise,leg_br_tip,43.046896405275454,2.375296912114014
3,33,Gaussian Noise,leg_mr_tip,31.159757120966184,1.66270783847981
3,33,Gaussian Noise,leg_fr_tip,15.814696054721937,0.9501187648456058
3,33,Brightness,head_fc,1.030163877232248,100.0
3,33,Brightness,head_bl,1.4980562386385943,100.0
3,33,Brightness,head_br,1.051461726769459,99.7624703087886
3,33,Brightness,thorax_fr,1.812382489241321,99.7624703087886
3,33,Brightness,thorax_fl,0.8507544590151999,100.0
3,33,Brightness,thorax_bc,1.3234463579882123,100.0
3,33,Brightness,abdomen,0.9637523265439358,100.0
3,33,Brightness,leg_ml_in,1.0773234082314989,100.0
3,33,Brightness,leg_ml_c,1.7866214959761657,98.33729216152018
3,33,Brightness, leg_mr_in,1.7100941495041413,99.5249406175772
3,33,Brightness,leg_mr_c,1.4859619967788003,99.5249406175772
3,33,Brightness,leg_fl_tip,5.484235513044276,53.681710213776725
3,33,Brightness,leg_ml_tip,8.224167365652704,19.002375296912113
3,33,Brightness,leg_bl_tip,9.113623374514304,19.95249406175772
3,33,Brightness,leg_br_tip,8.062139854964174,23.51543942992874
3,33,Brightness,leg_mr_tip,7.212395420728235,23.27790973871734
3,33,Brightness,leg_fr_tip,7.192203392714128,42.517814726840854
3,33,Contrast,head_fc,1.0577144502601064,100.0
3,33,Contrast,head_bl,1.4232607330842784,100.0
3,33,Contrast,head_br,0.9760557320243566,99.7624703087886
3,33,Contrast,thorax_fr,2.582383252380131,99.7624703087886
3,33,Contrast,thorax_fl,0.8853573140465609,100.0
3,33,Contrast,thorax_bc,1.6150041521120657,100.0
3,33,Contrast,abdomen,0.9813868419280718,100.0
3,33,Contrast,leg_ml_in,1.6431785554594511,100.0
3,33,Contrast,leg_ml_c,1.5324318528243672,98.57482185273159
3,33,Contrast, leg_mr_in,1.260181563324644,99.7624703087886
3,33,Contrast,leg_mr_c,1.775900805419709,99.5249406175772
3,33,Contrast,leg_fl_tip,1.961887121071859,95.01187648456056
3,33,Contrast,leg_ml_tip,1.9981723918278331,95.01187648456056
3,33,Contrast,leg_bl_tip,4.235695534592097,84.56057007125891
3,33,Contrast,leg_br_tip,3.8260848323920538,85.98574821852732
3,33,Contrast,leg_mr_tip,1.5144507591984595,96.91211401425178
3,33,Contrast,leg_fr_tip,1.753439279782274,94.53681710213777
3,33,Central Occlusion,head_fc,33.86171800480489,0.0
3,33,Central Occlusion,head_bl,44.186576005403936,0.0
3,33,Central Occlusion,head_br,33.4396720617629,0.0
3,33,Central Occlusion,thorax_fr,42.822058534488086,0.0
3,33,Central Occlusion,thorax_fl,45.59514502463498,0.0
3,33,Central Occlusion,thorax_bc,44.299725775845204,0.0
3,33,Central Occlusion,abdomen,71.28063878501243,0.0
3,33,Central Occlusion,leg_ml_in,46.33112352661971,0.0
3,33,Central Occlusion,leg_ml_c,43.678128000125504,0.0
3,33,Central Occlusion, leg_mr_in,55.05063425606891,0.0
3,33,Central Occlusion,leg_mr_c,63.64205357621209,0.0
3,33,Central Occlusion,leg_fl_tip,24.04947269194079,0.0
3,33,Central Occlusion,leg_ml_tip,35.81883136720831,0.0
3,33,Central Occlusion,leg_bl_tip,64.05043834623056,0.0
3,33,Central Occlusion,leg_br_tip,87.06946697277783,0.0
3,33,Central Occlusion,leg_mr_tip,82.53099372868917,0.0
3,33,Central Occlusion,leg_fr_tip,26.112208883705023,0.0
4,44,Baseline,head_fc,0.5867623046729907,100.0
4,44,Baseline,head_bl,1.9918560496916682,100.0
4,44,Baseline,head_br,0.7679193096774524,100.0
4,44,Baseline,thorax_fr,0.9610090149210947,100.0
4,44,Baseline,thorax_fl,0.842618170375308,100.0
4,44,Baseline,thorax_bc,0.9207221959392367,100.0
4,44,Baseline,abdomen,0.8022349014219431,100.0
4,44,Baseline,leg_ml_in,0.8920312184111218,100.0
4,44,Baseline,leg_ml_c,1.3459497071208404,99.04988123515439
4,44,Baseline, leg_mr_in,0.8991761104401932,99.7624703087886
4,44,Baseline,leg_mr_c,1.2762035729971657,99.7624703087886
4,44,Baseline,leg_fl_tip,2.1619181938805054,93.82422802850357
4,44,Baseline,leg_ml_tip,1.4198085361153208,97.14964370546319
4,44,Baseline,leg_bl_tip,3.843805072327801,83.3729216152019
4,44,Baseline,leg_br_tip,2.764133894423147,87.41092636579573
4,44,Baseline,leg_mr_tip,1.8446902026780665,96.43705463182897
4,44,Baseline,leg_fr_tip,2.3401207323445146,94.53681710213777
4,44,Mild Gaussian Blur,head_fc,0.6057226474957601,100.0
4,44,Mild Gaussian Blur,head_bl,1.3798425355734378,100.0
4,44,Mild Gaussian Blur,head_br,0.838030196643993,100.0
4,44,Mild Gaussian Blur,thorax_fr,1.0369029746205527,100.0
4,44,Mild Gaussian Blur,thorax_fl,0.9709762854325835,100.0
4,44,Mild Gaussian Blur,thorax_bc,1.0356661693332296,100.0
4,44,Mild Gaussian Blur,abdomen,0.8847427252918945,100.0
4,44,Mild Gaussian Blur,leg_ml_in,0.934337975852113,100.0
4,44,Mild Gaussian Blur,leg_ml_c,1.6997388706555008,99.04988123515439
4,44,Mild Gaussian Blur, leg_mr_in,1.1067846309952358,99.2874109263658
4,44,Mild Gaussian Blur,leg_mr_c,1.5519303446582218,99.2874109263658
4,44,Mild Gaussian Blur,leg_fl_tip,3.517663325159581,81.94774346793349
4,44,Mild Gaussian Blur,leg_ml_tip,4.381876182180257,71.97149643705463
4,44,Mild Gaussian Blur,leg_bl_tip,9.447837303379604,24.94061757719715
4,44,Mild Gaussian Blur,leg_br_tip,6.70007180888762,63.42042755344418
4,44,Mild Gaussian Blur,leg_mr_tip,6.3161175601162824,49.16864608076009
4,44,Mild Gaussian Blur,leg_fr_tip,6.095177119278041,62.47030878859857
4,44,Strong Gaussian Blur,head_fc,0.7860125788994573,100.0
4,44,Strong Gaussian Blur,head_bl,1.5548839340248626,99.2874109263658
4,44,Strong Gaussian Blur,head_br,4.40263253072948,72.92161520190024
4,44,Strong Gaussian Blur,thorax_fr,4.71641429528059,59.61995249406176
4,44,Strong Gaussian Blur,thorax_fl,1.3766986964720158,100.0
4,44,Strong Gaussian Blur,thorax_bc,3.870191976208439,98.09976247030879
4,44,Strong Gaussian Blur,abdomen,0.7881098292466674,100.0
4,44,Strong Gaussian Blur,leg_ml_in,1.2288971844258774,99.7624703087886
4,44,Strong Gaussian Blur,leg_ml_c,4.156710806997564,77.19714964370546
4,44,Strong Gaussian Blur, leg_mr_in,8.528229885317176,2.137767220902613
4,44,Strong Gaussian Blur,leg_mr_c,6.213026947245113,42.280285035629454
4,44,Strong Gaussian Blur,leg_fl_tip,12.873087482366364,6.175771971496437
4,44,Strong Gaussian Blur,leg_ml_tip,16.33376627649417,3.5629453681710213
4,44,Strong Gaussian Blur,leg_bl_tip,15.09009490254774,2.6128266033254155
4,44,Strong Gaussian Blur,leg_br_tip,16.806274850827325,3.5629453681710213
4,44,Strong Gaussian Blur,leg_mr_tip,16.86130105709655,0.23752969121140144
4,44,Strong Gaussian Blur,leg_fr_tip,13.36479355537371,3.32541567695962
4,44,Gaussian Noise,head_fc,112.03234480847786,5.7007125890736345
4,44,Gaussian Noise,head_bl,30.375516273182942,45.13064133016627
4,44,Gaussian Noise,head_br,101.78242778736796,0.0
4,44,Gaussian Noise,thorax_fr,76.49686167567694,0.23752969121140144
4,44,Gaussian Noise,thorax_fl,8.26874159525947,79.57244655581948
4,44,Gaussian Noise,thorax_bc,102.84920692177324,0.23752969121140144
4,44,Gaussian Noise,abdomen,135.67582611417814,0.0
4,44,Gaussian Noise,leg_ml_in,20.068646832470776,2.375296912114014
4,44,Gaussian Noise,leg_ml_c,103.35824270834358,0.0
4,44,Gaussian Noise, leg_mr_in,58.86894590451257,0.23752969121140144
4,44,Gaussian Noise,leg_mr_c,129.58484995032845,0.0
4,44,Gaussian Noise,leg_fl_tip,88.40283078275974,0.23752969121140144
4,44,Gaussian Noise,leg_ml_tip,115.74697353348998,0.0
4,44,Gaussian Noise,leg_bl_tip,111.53448500175682,0.0
4,44,Gaussian Noise,leg_br_tip,131.30020705362637,0.0
4,44,Gaussian Noise,leg_mr_tip,82.38262002184699,0.0
4,44,Gaussian Noise,leg_fr_tip,90.41662057994641,0.0
4,44,Brightness,head_fc,0.6038629375132334,100.0
4,44,Brightness,head_bl,2.73557284806212,100.0
4,44,Brightness,head_br,0.8240858907717913,100.0
4,44,Brightness,thorax_fr,0.8585740637805184,100.0
4,44,Brightness,thorax_fl,1.2532608709676556,100.0
4,44,Brightness,thorax_bc,0.8969909867274991,100.0
4,44,Brightness,abdomen,0.7548769128485625,100.0
4,44,Brightness,leg_ml_in,0.8367316166963711,100.0
4,44,Brightness,leg_ml_c,1.1846768720430692,99.2874109263658
4,44,Brightness, leg_mr_in,1.0694494930623493,99.5249406175772
4,44,Brightness,leg_mr_c,1.4480746852082562,99.2874109263658
4,44,Brightness,leg_fl_tip,4.404675873423079,68.40855106888361
4,44,Brightness,leg_ml_tip,6.026213826557881,46.79334916864608
4,44,Brightness,leg_bl_tip,7.465156928674184,32.066508313539195
4,44,Brightness,leg_br_tip,7.100511342827929,37.05463182897862
4,44,Brightness,leg_mr_tip,6.343539692689998,40.85510688836104
4,44,Brightness,leg_fr_tip,4.558958712426628,71.49643705463184
4,44,Contrast,head_fc,0.5934248063085866,100.0
4,44,Contrast,head_bl,1.5278847864668543,100.0
4,44,Contrast,head_br,0.9703165368222055,100.0
4,44,Contrast,thorax_fr,1.0336037032459198,100.0
4,44,Contrast,thorax_fl,1.0021482802806647,100.0
4,44,Contrast,thorax_bc,1.2941606390460816,100.0
4,44,Contrast,abdomen,0.8550470592482772,99.2874109263658
4,44,Contrast,leg_ml_in,0.987669431169882,100.0
4,44,Contrast,leg_ml_c,1.3807836427444082,98.812351543943
4,44,Contrast, leg_mr_in,1.0637644064329408,99.5249406175772
4,44,Contrast,leg_mr_c,1.386538873843272,99.7624703087886
4,44,Contrast,leg_fl_tip,2.3410251426917497,88.36104513064133
4,44,Contrast,leg_ml_tip,1.5081359283437885,96.19952494061758
4,44,Contrast,leg_bl_tip,3.4635087162026412,85.03562945368171
4,44,Contrast,leg_br_tip,3.4374704512096805,83.1353919239905
4,44,Contrast,leg_mr_tip,1.7764579258950082,96.67458432304038
4,44,Contrast,leg_fr_tip,2.457549898655468,93.34916864608076
4,44,Central Occlusion,head_fc,16.450423187271866,0.0
4,44,Central Occlusion,head_bl,29.49103871392951,0.0
4,44,Central Occlusion,head_br,33.643521870824394,0.0
4,44,Central Occlusion,thorax_fr,34.66519659318211,0.0
4,44,Central Occlusion,thorax_fl,27.40231701700024,0.0
4,44,Central Occlusion,thorax_bc,68.85836647293674,0.0
4,44,Central Occlusion,abdomen,66.50588505259974,0.0
4,44,Central Occlusion,leg_ml_in,31.755210033815867,0.0
4,44,Central Occlusion,leg_ml_c,56.297816417697504,0.0
4,44,Central Occlusion, leg_mr_in,43.537645056060725,0.0
4,44,Central Occlusion,leg_mr_c,60.119209840593726,0.0
4,44,Central Occlusion,leg_fl_tip,27.024950592998003,0.0
4,44,Central Occlusion,leg_ml_tip,46.03068509841822,0.0
4,44,Central Occlusion,leg_bl_tip,39.26475377994436,1.66270783847981
4,44,Central Occlusion,leg_br_tip,64.23809961638995,0.0
4,44,Central Occlusion,leg_mr_tip,42.6749550206501,0.0
4,44,Central Occlusion,leg_fr_tip,46.04459274069145,0.0
5,55,Baseline,head_fc,1.0910836148241703,100.0
5,55,Baseline,head_bl,1.3902723006419568,100.0
5,55,Baseline,head_br,0.6797180882433093,100.0
5,55,Baseline,thorax_fr,0.746361050402751,100.0
5,55,Baseline,thorax_fl,0.7969451818749669,100.0
5,55,Baseline,thorax_bc,0.8160853104946311,100.0
5,55,Baseline,abdomen,0.7182041771900137,100.0
5,55,Baseline,leg_ml_in,0.8936939426024839,100.0
5,55,Baseline,leg_ml_c,1.0923614215739965,98.812351543943
5,55,Baseline, leg_mr_in,1.0381894698340572,99.7624703087886
5,55,Baseline,leg_mr_c,1.0219444928235224,99.5249406175772
5,55,Baseline,leg_fl_tip,2.200005818763297,92.87410926365796
5,55,Baseline,leg_ml_tip,1.7690597325000896,95.96199524940617
5,55,Baseline,leg_bl_tip,3.3060299712029853,85.74821852731591
5,55,Baseline,leg_br_tip,2.72366747690031,86.22327790973871
5,55,Baseline,leg_mr_tip,1.3195720853570496,98.09976247030879
5,55,Baseline,leg_fr_tip,1.8360073924676072,94.29928741092637
5,55,Mild Gaussian Blur,head_fc,1.4160926875647952,100.0
5,55,Mild Gaussian Blur,head_bl,1.3089829656885432,100.0
5,55,Mild Gaussian Blur,head_br,0.657923022594537,100.0
5,55,Mild Gaussian Blur,thorax_fr,0.730156154649266,100.0
5,55,Mild Gaussian Blur,thorax_fl,0.7812334848069896,100.0
5,55,Mild Gaussian Blur,thorax_bc,0.911522555526238,100.0
5,55,Mild Gaussian Blur,abdomen,0.8686746801731151,100.0
5,55,Mild Gaussian Blur,leg_ml_in,1.0373257357543682,100.0
5,55,Mild Gaussian Blur,leg_ml_c,1.0199556799924485,99.04988123515439
5,55,Mild Gaussian Blur, leg_mr_in,1.005936568494026,99.7624703087886
5,55,Mild Gaussian Blur,leg_mr_c,1.305766158556883,99.7624703087886
5,55,Mild Gaussian Blur,leg_fl_tip,2.8534907424843894,91.92399049881234
5,55,Mild Gaussian Blur,leg_ml_tip,2.0704750134578527,94.53681710213777
5,55,Mild Gaussian Blur,leg_bl_tip,4.953594651369277,73.39667458432304
5,55,Mild Gaussian Blur,leg_br_tip,7.670099270263308,51.543942992874115
5,55,Mild Gaussian Blur,leg_mr_tip,1.819735129987826,95.24940617577197
5,55,Mild Gaussian Blur,leg_fr_tip,2.5421913619230128,90.97387173396675
5,55,Strong Gaussian Blur,head_fc,4.258382516758556,94.77434679334917
5,55,Strong Gaussian Blur,head_bl,9.359873850535157,71.49643705463184
5,55,Strong Gaussian Blur,head_br,2.9508484627248768,96.91211401425178
5,55,Strong Gaussian Blur,thorax_fr,3.9781311147320095,93.11163895486936
5,55,Strong Gaussian Blur,thorax_fl,11.730384293710364,47.03087885985748
5,55,Strong Gaussian Blur,thorax_bc,2.799674807572129,93.34916864608076
5,55,Strong Gaussian Blur,abdomen,1.2342369627708465,99.7624703087886
5,55,Strong Gaussian Blur,leg_ml_in,7.784356989298209,19.002375296912113
5,55,Strong Gaussian Blur,leg_ml_c,9.35972361812428,29.216152019002372
5,55,Strong Gaussian Blur, leg_mr_in,9.240073026587904,17.577197149643705
5,55,Strong Gaussian Blur,leg_mr_c,8.129507138293492,57.482185273159146
5,55,Strong Gaussian Blur,leg_fl_tip,9.639996222998606,30.641330166270787
5,55,Strong Gaussian Blur,leg_ml_tip,14.879976527547875,30.16627078384798
5,55,Strong Gaussian Blur,leg_bl_tip,18.71499269863957,5.938242280285035
5,55,Strong Gaussian Blur,leg_br_tip,20.21064743660709,3.5629453681710213
5,55,Strong Gaussian Blur,leg_mr_tip,21.7801709901345,13.539192399049881
5,55,Strong Gaussian Blur,leg_fr_tip,8.0603581345326,57.95724465558195
5,55,Gaussian Noise,head_fc,14.012134699540157,81.71021377672209
5,55,Gaussian Noise,head_bl,10.912452578658126,83.8479809976247
5,55,Gaussian Noise,head_br,8.989822053060069,88.36104513064133
5,55,Gaussian Noise,thorax_fr,9.99975186381592,68.646080760095
5,55,Gaussian Noise,thorax_fl,4.463362048054672,93.34916864608076
5,55,Gaussian Noise,thorax_bc,2.3982050231300422,94.53681710213777
5,55,Gaussian Noise,abdomen,14.803441583247581,28.028503562945367
5,55,Gaussian Noise,leg_ml_in,4.248408432195479,91.21140142517815
5,55,Gaussian Noise,leg_ml_c,4.455240464889659,80.52256532066508
5,55,Gaussian Noise, leg_mr_in,5.502849688123891,56.294536817102134
5,55,Gaussian Noise,leg_mr_c,2.9099393956593613,84.32304038004752
5,55,Gaussian Noise,leg_fl_tip,31.858684287363708,5.225653206650831
5,55,Gaussian Noise,leg_ml_tip,19.25527945413824,5.938242280285035
5,55,Gaussian Noise,leg_bl_tip,34.878553224941115,0.23752969121140144
5,55,Gaussian Noise,leg_br_tip,15.63316144786545,6.413301662707839
5,55,Gaussian Noise,leg_mr_tip,20.7093476385989,4.513064133016627
5,55,Gaussian Noise,leg_fr_tip,15.920213875894108,9.501187648456057
5,55,Brightness,head_fc,1.1722416720617719,100.0
5,55,Brightness,head_bl,1.4207336959669015,100.0
5,55,Brightness,head_br,0.7460513758306794,100.0
5,55,Brightness,thorax_fr,0.7149196944971649,100.0
5,55,Brightness,thorax_fl,0.8158600137832646,100.0
5,55,Brightness,thorax_bc,0.8125812634744741,100.0
5,55,Brightness,abdomen,1.1810038336333037,99.5249406175772
5,55,Brightness,leg_ml_in,1.0124058026475786,100.0
5,55,Brightness,leg_ml_c,1.2604429506831984,98.812351543943
5,55,Brightness, leg_mr_in,1.15908261535995,100.0
5,55,Brightness,leg_mr_c,1.23737261603848,99.5249406175772
5,55,Brightness,leg_fl_tip,4.9752594658420595,73.87173396674585
5,55,Brightness,leg_ml_tip,4.884789277396056,74.58432304038006
5,55,Brightness,leg_bl_tip,10.040948692547758,55.819477434679335
5,55,Brightness,leg_br_tip,9.446498944772522,52.49406175771971
5,55,Brightness,leg_mr_tip,6.523252801483216,53.919239904988125
5,55,Brightness,leg_fr_tip,3.6514354014582615,82.89786223277909
5,55,Contrast,head_fc,1.0925824932651755,99.7624703087886
5,55,Contrast,head_bl,1.2166170812076746,100.0
5,55,Contrast,head_br,0.9980832579659792,100.0
5,55,Contrast,thorax_fr,0.8084300149072073,100.0
5,55,Contrast,thorax_fl,0.8772319148535641,100.0
5,55,Contrast,thorax_bc,0.8528003573090247,100.0
5,55,Contrast,abdomen,0.817119971213605,100.0
5,55,Contrast,leg_ml_in,0.9459607411605585,100.0
5,55,Contrast,leg_ml_c,1.2149046264376204,98.57482185273159
5,55,Contrast, leg_mr_in,1.2681826102089895,100.0
5,55,Contrast,leg_mr_c,1.1546265185274331,100.0
5,55,Contrast,leg_fl_tip,3.37189971874613,85.5106888361045
5,55,Contrast,leg_ml_tip,3.028423029457417,92.63657957244655
5,55,Contrast,leg_bl_tip,4.059103239818385,82.6603325415677
5,55,Contrast,leg_br_tip,3.6109038511018183,84.08551068883611
5,55,Contrast,leg_mr_tip,2.0095288104301714,95.96199524940617
5,55,Contrast,leg_fr_tip,2.4860269131769046,89.78622327790974
5,55,Central Occlusion,head_fc,80.76751437671686,0.0
5,55,Central Occlusion,head_bl,55.17955591155532,0.0
5,55,Central Occlusion,head_br,44.35765881485993,0.0
5,55,Central Occlusion,thorax_fr,42.812283342710685,0.0
5,55,Central Occlusion,thorax_fl,48.15613088558999,0.0
5,55,Central Occlusion,thorax_bc,59.058177635349345,0.0
5,55,Central Occlusion,abdomen,67.10924034623325,0.0
5,55,Central Occlusion,leg_ml_in,59.962569975697335,0.0
5,55,Central Occlusion,leg_ml_c,43.27815983691153,0.0
5,55,Central Occlusion, leg_mr_in,63.43678824827837,0.0
5,55,Central Occlusion,leg_mr_c,73.81305364494611,0.0
5,55,Central Occlusion,leg_fl_tip,47.14820143902689,3.0878859857482186
5,55,Central Occlusion,leg_ml_tip,37.075602502840766,0.0
5,55,Central Occlusion,leg_bl_tip,61.58798176575946,0.0
5,55,Central Occlusion,leg_br_tip,77.81379034912807,0.0
5,55,Central Occlusion,leg_mr_tip,81.39716188060238,0.0
5,55,Central Occlusion,leg_fr_tip,42.100450508870686,0.0
